cycle,outcome,model,term,beta,se,ci_low,ci_high,p,survey_dof,n
0506,PHQ9_TOTAL,X0_demographic,A,0.4418922605288711,0.24420645786424938,-0.07862148310853523,0.9624060041662774,0.09045390507779229,15,3582
0506,PHQ9_TOTAL,X0_demographic,G,0.3220552567874054,0.15294665772764884,-0.00394282732100909,0.6480533408958198,0.0524919827281216,15,3582
0506,PHQ9_TOTAL,X0_demographic,AG,-0.39567305270515934,0.20522517523773998,-0.8331001592029726,0.041754053792653956,0.07300612164075747,15,3582
0506,PHQ9_TOTAL,X1_primary,A,0.4314293923319797,0.24406911771978457,-0.08879161771692007,0.9516504023808794,0.09744931790141362,15,3582
0506,PHQ9_TOTAL,X1_primary,G,0.2904969261438054,0.1582674537988346,-0.04684216633255178,0.6278360186201626,0.0863387189735616,15,3582
0506,PHQ9_TOTAL,X1_primary,AG,-0.31485289087611945,0.17970507429432567,-0.6978851898154643,0.06817940806322537,0.10017626276552234,15,3582
0506,PHQ9_TOTAL,X2_bmi_sensitivity,A,0.41900398817542034,0.2496368242517395,-0.11308430743082237,0.9510922837816631,0.11396407482338211,15,3582
0506,PHQ9_TOTAL,X2_bmi_sensitivity,G,0.22476716715233344,0.1480547068125417,-0.09080397040117741,0.5403383047058443,0.1497727770623606,15,3582
0506,PHQ9_TOTAL,X2_bmi_sensitivity,AG,-0.3250963305252012,0.18169981288767634,-0.712380314132853,0.062187653082450556,0.09379100639666443,15,3582
0506,PHQ9_TOTAL,X3_kidney_direct_effect,A,0.413913708525661,0.2511544164925414,-0.12140925837258332,0.9492366754239053,0.12012546766832352,15,3582
0506,PHQ9_TOTAL,X3_kidney_direct_effect,G,0.22641306586474122,0.1467844924949893,-0.08645067395885955,0.539276805688342,0.14378599929923114,15,3582
0506,PHQ9_TOTAL,X3_kidney_direct_effect,AG,-0.3271082327605118,0.18052708583140595,-0.7118926078170109,0.057676142295987276,0.09005700764375377,15,3582
0506,SOMATIC_SCORE,X0_demographic,A,0.2590415549829822,0.12251321883451197,-0.0020891896268482313,0.5201722995928126,0.05163590104645157,15,3582
0506,SOMATIC_SCORE,X0_demographic,G,0.14661289966826518,0.05705478860350976,0.025003496427331073,0.2682223029091993,0.021347630193425855,15,3582
0506,SOMATIC_SCORE,X0_demographic,AG,-0.16814637902812998,0.08550545600356728,-0.35039694436977614,0.014104186313516176,0.0680257357721034,15,3582
0506,SOMATIC_SCORE,X1_primary,A,0.2595385361682328,0.12398053349455415,-0.004719715606937069,0.5237967879434027,0.05371975073915207,15,3582
0506,SOMATIC_SCORE,X1_primary,G,0.134933549809517,0.06074477664839827,0.005459123227185919,0.2644079763918481,0.04214299660527023,15,3582
0506,SOMATIC_SCORE,X1_primary,AG,-0.138044444490386,0.07839597752252522,-0.3051415151544513,0.02905262617367929,0.09862838567991432,15,3582
0506,SOMATIC_SCORE,X2_bmi_sensitivity,A,0.2532054518232266,0.1280806083052897,-0.019791902544044726,0.526202806190498,0.06673140483138258,15,3582
0506,SOMATIC_SCORE,X2_bmi_sensitivity,G,0.10143185421677656,0.05607175085232807,-0.018082253656133696,0.2209459620896868,0.09054084272530286,15,3582
0506,SOMATIC_SCORE,X2_bmi_sensitivity,AG,-0.14326540684003777,0.0801496475463406,-0.3141003366794254,0.02756952299934981,0.09407869571651245,15,3582
0506,SOMATIC_SCORE,X3_kidney_direct_effect,A,0.24909916267440008,0.12850510480243546,-0.024802984558804142,0.5230013099076043,0.07162378761982248,15,3582
0506,SOMATIC_SCORE,X3_kidney_direct_effect,G,0.1027595879539894,0.054790527837004666,-0.014023657705149628,0.21954283361312843,0.08032519693173854,15,3582
0506,SOMATIC_SCORE,X3_kidney_direct_effect,AG,-0.14488839278301194,0.07932762216393341,-0.3139712169946295,0.02419443142860561,0.0877491563024885,15,3582
0708,PHQ9_TOTAL,X0_demographic,A,0.7169705470330384,0.22139654972803757,0.24763082803532344,1.1863102660307534,0.005145064811648346,16,4375
0708,PHQ9_TOTAL,X0_demographic,G,0.347561704921551,0.10104505292479198,0.1333557617662169,0.5617676480768851,0.0033661831047865406,16,4375
0708,PHQ9_TOTAL,X0_demographic,AG,-0.12441924531926726,0.1285724870284616,-0.3969807419049277,0.14814225126639322,0.3475966521455728,16,4375
0708,PHQ9_TOTAL,X1_primary,A,0.7060473939021084,0.22520287516632034,0.22863862543721797,1.1834561623669988,0.006391077451885468,16,4375
0708,PHQ9_TOTAL,X1_primary,G,0.27370512315570805,0.11210489269249187,0.036053367068291736,0.5113568792431243,0.026621096435773747,16,4375
0708,PHQ9_TOTAL,X1_primary,AG,-0.11798075159107076,0.14201552687797483,-0.41904021959135357,0.18307871640921208,0.4183344093609327,16,4375
0708,PHQ9_TOTAL,X2_bmi_sensitivity,A,0.7448850847722074,0.22367094447786673,0.2707238642918091,1.2190463052526057,0.004240017548317934,16,4375
0708,PHQ9_TOTAL,X2_bmi_sensitivity,G,0.1763103452055923,0.10484046524948953,-0.04594151264959684,0.39856220306078144,0.11203824181644786,16,4375
0708,PHQ9_TOTAL,X2_bmi_sensitivity,AG,-0.12665469254187464,0.14722566194964362,-0.4387591534902453,0.18544976840649605,0.40234410797510656,16,4375
0708,PHQ9_TOTAL,X3_kidney_direct_effect,A,0.7376848159302352,0.2268377656986187,0.2568102343622793,1.218559397498191,0.00499953532632011,16,4375
0708,PHQ9_TOTAL,X3_kidney_direct_effect,G,0.1765722538515547,0.10630949889987625,-0.04879381622382323,0.40193832392693263,0.11619453289002163,16,4375
0708,PHQ9_TOTAL,X3_kidney_direct_effect,AG,-0.1314384671350653,0.15403597424981483,-0.45798014521791897,0.19510321094778837,0.4060881214089306,16,4375
0708,SOMATIC_SCORE,X0_demographic,A,0.4537803359798404,0.13029640836442705,0.17756428941862662,0.7299963825410543,0.003073977139364916,16,4375
0708,SOMATIC_SCORE,X0_demographic,G,0.20073392231118614,0.07880609850547449,0.03367245647849776,0.3677953881438745,0.021525284897057805,16,4375
0708,SOMATIC_SCORE,X0_demographic,AG,-0.12358143571262051,0.048755815874646474,-0.2269391481531275,-0.02022372327211354,0.02207511556507796,16,4375
0708,SOMATIC_SCORE,X1_primary,A,0.45515491415222303,0.13066175240890157,0.17816437281508885,0.7321454554893572,0.0030689035138235727,16,4375
0708,SOMATIC_SCORE,X1_primary,G,0.17289603014286362,0.08617873609872853,-0.009794729193000062,0.3555867894787273,0.062039224216364444,16,4375
0708,SOMATIC_SCORE,X1_primary,AG,-0.11978280315546991,0.054715185312162566,-0.23577381444658296,-0.003791791864356839,0.04375202107215338,16,4375
0708,SOMATIC_SCORE,X2_bmi_sensitivity,A,0.4782126873625136,0.13087739592238473,0.20076500219840382,0.7556603725266233,0.0021410139397135034,16,4375
0708,SOMATIC_SCORE,X2_bmi_sensitivity,G,0.11507316139014491,0.08216683294730975,-0.05911274319506461,0.28925906597535445,0.18046323615928575,16,4375
0708,SOMATIC_SCORE,X2_bmi_sensitivity,AG,-0.12493248530191839,0.058112578707302895,-0.24812564885492788,-0.0017393217489088814,0.04720711575357284,16,4375
0708,SOMATIC_SCORE,X3_kidney_direct_effect,A,0.47376421750283465,0.13231739517354343,0.19326387029531927,0.7542645647103501,0.0025000444735119795,16,4375
0708,SOMATIC_SCORE,X3_kidney_direct_effect,G,0.11523497378120041,0.08300084452696954,-0.06071895637134157,0.2911889039337424,0.18405566072538707,16,4375
0708,SOMATIC_SCORE,X3_kidney_direct_effect,AG,-0.12788799676411375,0.06209566020635298,-0.2595249158941887,0.0037489223659611937,0.05609995445625122,16,4375
